budget,policy,escalated,test_accuracy,test_cost,gain,gain_cap,headroom_captured,n_test
2.129358490566038e-05,optimal-dp,(none),0.6792452830188679,2.1880415094339622e-05,0.0,0.23773584905660378,0.0,265
2.129358490566038e-05,greedy-threshold,(none),0.6792452830188679,2.1880415094339622e-05,0.0,0.23773584905660378,0.0,265
3.194037735849057e-05,optimal-dp,(none),0.6792452830188679,2.1880415094339622e-05,0.0,0.23773584905660378,0.0,265
3.194037735849057e-05,greedy-threshold,(none),0.6792452830188679,2.1880415094339622e-05,0.0,0.23773584905660378,0.0,265
4.258716981132076e-05,optimal-dp,(none),0.6792452830188679,2.1880415094339622e-05,0.0,0.23773584905660378,0.0,265
4.258716981132076e-05,greedy-threshold,(none),0.6792452830188679,2.1880415094339622e-05,0.0,0.23773584905660378,0.0,265
6.388075471698114e-05,optimal-dp,(none),0.6792452830188679,2.1880415094339622e-05,0.0,0.23773584905660378,0.0,265
6.388075471698114e-05,greedy-threshold,(none),0.6792452830188679,2.1880415094339622e-05,0.0,0.23773584905660378,0.0,265
0.00010646792452830189,optimal-dp,(none),0.6792452830188679,2.1880415094339622e-05,0.0,0.23773584905660378,0.0,265
0.00010646792452830189,greedy-threshold,(none),0.6792452830188679,2.1880415094339622e-05,0.0,0.23773584905660378,0.0,265
0.00017034867924528303,optimal-dp,mmlu_pro:short,0.7094339622641509,0.000252065320754717,0.030188679245283012,0.23773584905660378,0.09638554216867466,265
0.00017034867924528303,greedy-threshold,mmlu_pro:short,0.7094339622641509,0.000252065320754717,0.030188679245283012,0.23773584905660378,0.09638554216867466,265
